Mode,CPU_Percent,GPU_Percent,Assignment_Trial,CPU_Rows,GPU_Rows,CPU_Chunks,GPU_Chunks,CPU_Decomp_ms_Avg,CPU_SPJA_ms_Avg,CPU_Total_ms_Avg,GPU_H2D_Comp_ms_Avg,GPU_Decomp_ms_Avg,GPU_SPJA_ms_Avg,GPU_D2H_Result_ms_Avg,GPU_Total_ms_Avg,Balance_Difference_ms_Avg,Total_ms_Avg,Effective_GiBps_Avg,Physical_GiBps_Avg,Overlap_Efficiency_Avg,CPU_Effective_GiBps_Avg,GPU_Effective_GiBps_Avg,Final_Result,Reference_Result,Valid
TPCH_FAIR_ASSIGN_DETAIL,100,0,0,50765090,0,388,0,284.182,314.01,598.191,0,0,0,0,0,598.191,598.408,0.954495,0.512634,0.999637,0.948432,0,5752179922390,5752179922390,YES
TPCH_FAIR_ASSIGN_DETAIL,100,0,1,50765090,0,388,0,180.221,262.025,442.245,0,0,0,0,0,442.245,442.424,1.28416,0.689686,0.999597,1.28287,0,5752179922390,5752179922390,YES
TPCH_FAIR_ASSIGN_DETAIL,100,0,2,50765090,0,388,0,251.698,293.522,545.22,0,0,0,0,0,545.22,545.428,1.06683,0.572968,0.999608,1.04058,0,5752179922390,5752179922390,YES
TPCH_FAIR_ASSIGN_DETAIL,100,0,3,50765090,0,388,0,205.926,273.748,479.674,0,0,0,0,0,479.674,479.858,1.20229,0.645718,0.999612,1.18277,0,5752179922390,5752179922390,YES
TPCH_FAIR_ASSIGN_DETAIL,100,0,4,50765090,0,388,0,295.645,321.843,617.488,0,0,0,0,0,617.488,617.692,0.92008,0.49415,0.99967,0.918793,0,5752179922390,5752179922390,YES
TPCH_FAIR_ASSIGN_DETAIL,75,25,0,38051106,12713984,291,97,205.109,240.382,445.491,23.5093,67.0573,1.14049,0.024231,91.7313,353.76,445.714,1.28634,0.690861,0.999497,0.954573,1.54898,5752179922390,5752179922390,YES
TPCH_FAIR_ASSIGN_DETAIL,75,25,1,38051106,12713984,291,97,195.462,231.832,427.294,23.2754,69.086,1.15164,0.0228876,93.5359,333.758,427.529,1.35407,0.727235,0.99944,0.995227,1.51909,5752179922390,5752179922390,YES
TPCH_FAIR_ASSIGN_DETAIL,75,25,2,38051106,12713984,291,97,155.562,203.966,359.528,24.3886,71.0647,1.16138,0.0226272,96.6373,262.891,359.743,1.59465,0.856443,0.9994,1.18281,1.47034,5752179922390,5752179922390,YES
TPCH_FAIR_ASSIGN_DETAIL,75,25,3,38141952,12623138,291,97,185.994,218.535,404.53,24.2942,68.0505,1.13676,0.0231683,93.5046,311.025,404.754,1.42751,0.766676,0.999435,1.05374,1.50874,5752179922390,5752179922390,YES
TPCH_FAIR_ASSIGN_DETAIL,75,25,4,38141952,12623138,291,97,143.43,195.781,339.211,24.3596,66.2749,1.12715,0.0218217,91.7834,247.428,339.449,1.68095,0.902793,0.999295,1.25665,1.53704,5752179922390,5752179922390,YES
TPCH_FAIR_ASSIGN_DETAIL,50,50,0,25337122,25427968,194,194,98.4015,133.122,231.523,36.622,89.0011,2.18675,0.0211395,127.831,103.692,231.734,2.46601,1.32443,0.999083,1.22305,2.22309,5752179922390,5752179922390,YES
TPCH_FAIR_ASSIGN_DETAIL,50,50,1,25337122,25427968,194,194,118.62,148.31,266.931,36.4823,89.225,2.18601,0.0219521,127.915,139.016,267.162,2.16403,1.16224,0.999122,1.06082,2.22162,5752179922390,5752179922390,YES
TPCH_FAIR_ASSIGN_DETAIL,50,50,2,25337122,25427968,194,194,123.618,144.172,267.79,37.0153,89.4292,2.19177,0.0218011,128.658,139.132,268.013,2.15869,1.15938,0.999151,1.05741,2.2088,5752179922390,5752179922390,YES
TPCH_FAIR_ASSIGN_DETAIL,50,50,3,25427968,25337122,194,194,142.841,152.982,295.823,36.7302,89.6783,2.18349,0.0223535,128.614,167.209,296.066,1.96081,1.0531,0.999163,0.960639,2.20165,5752179922390,5752179922390,YES
TPCH_FAIR_ASSIGN_DETAIL,50,50,4,25427968,25337122,194,194,124.6,145.024,269.624,36.5089,89.7146,2.18269,0.0219643,128.428,141.196,269.847,2.14619,1.15266,0.999154,1.05398,2.20485,5752179922390,5752179922390,YES
TPCH_FAIR_ASSIGN_DETAIL,25,75,0,12623138,38141952,97,291,82.4153,80.711,163.126,48.6209,120.763,3.28499,0.0199813,172.689,22.0902,179.092,3.17667,1.70611,0.999234,0.864817,2.46842,5752179922390,5752179922390,YES
TPCH_FAIR_ASSIGN_DETAIL,25,75,1,12623138,38141952,97,291,91.5717,83.2127,174.785,48.6371,121.377,3.28714,0.0218108,173.323,26.9509,187.694,3.04039,1.63291,0.999141,0.807134,2.4594,5752179922390,5752179922390,YES
TPCH_FAIR_ASSIGN_DETAIL,25,75,2,12623138,38141952,97,291,88.9038,82.0682,170.972,48.5754,121.429,3.29154,0.0200824,173.316,26.1088,185.357,3.07701,1.65258,0.999159,0.825131,2.45949,5752179922390,5752179922390,YES
TPCH_FAIR_ASSIGN_DETAIL,25,75,3,12713984,38051106,97,291,87.2551,81.1114,168.367,48.4324,121.591,3.28312,0.0223445,173.328,23.361,182.69,3.11588,1.67346,0.999126,0.843931,2.45346,5752179922390,5752179922390,YES
TPCH_FAIR_ASSIGN_DETAIL,25,75,4,12713984,38051106,97,291,91.6977,82.3121,174.01,48.5836,121.885,3.28369,0.0221948,173.775,25.0385,186.584,3.05634,1.64148,0.999091,0.816561,2.44716,5752179922390,5752179922390,YES
TPCH_FAIR_ASSIGN_DETAIL,0,100,0,0,50765090,0,388,0.00031615,0.00011535,0.0006901,60.793,154.568,4.38264,0.0200361,219.764,219.763,219.824,2.58094,1.38616,0.999723,0,2.58161,5752179922390,5752179922390,YES
TPCH_FAIR_ASSIGN_DETAIL,0,100,1,0,50765090,0,388,0.00037385,0.0001016,0.00073365,59.7657,154.862,4.38595,0.01844,219.032,219.032,219.088,2.58957,1.39079,0.999745,0,2.59023,5752179922390,5752179922390,YES
TPCH_FAIR_ASSIGN_DETAIL,0,100,2,0,50765090,0,388,0.0003226,0.00010615,0.00068805,59.7152,155.194,4.38581,0.0193186,219.314,219.314,219.371,2.58623,1.389,0.999741,0,2.5869,5752179922390,5752179922390,YES
TPCH_FAIR_ASSIGN_DETAIL,0,100,3,0,50765090,0,388,0.00038685,0.0001066,0.00074765,59.7835,155.439,4.39069,0.0193115,219.633,219.632,219.688,2.5825,1.38699,0.999749,0,2.58315,5752179922390,5752179922390,YES
TPCH_FAIR_ASSIGN_DETAIL,0,100,4,0,50765090,0,388,0.00031765,0.00010095,0.00160995,59.8331,155.668,4.38862,0.0181319,219.908,219.906,219.969,2.5792,1.38522,0.999721,0,2.57992,5752179922390,5752179922390,YES
