Mode,MB,Run,Base_ms,Base_GBps,Pipe_ms,Pipe_Phys_GBps,Pipe_Eff_GBps,H2DComp_ms,Decomp_ms,Kernel_ms,D2H_ms
HIGH,4,1,1.36357,2.86471,4.17767,0.00366919,0.935031,0.010445,3.48516,0.038779,0.6432
HIGH,4,2,1.36503,2.86165,4.1786,0.00366837,0.934822,0.010444,3.48602,0.039344,0.642707
HIGH,4,3,1.36366,2.86453,4.17782,0.00366905,0.934998,0.010766,3.48512,0.039029,0.642826
HIGH,4,4,1.36236,2.86727,4.18786,0.00366025,0.932755,0.010098,3.4956,0.038961,0.643125
HIGH,4,5,1.36434,2.8631,4.17749,0.00366934,0.935071,0.009933,3.48599,0.038889,0.642609
HIGH,4,6,1.36323,2.86543,4.1768,0.00366995,0.935225,0.010014,3.48487,0.039238,0.6426
HIGH,4,7,1.36341,2.86506,4.17667,0.00367006,0.935255,0.010649,3.48496,0.03846,0.642532
HIGH,4,8,1.36346,2.86495,4.17679,0.00366996,0.935228,0.010189,3.48537,0.03873,0.642427
HIGH,4,9,1.36296,2.866,4.17641,0.00367029,0.935312,0.009725,3.48489,0.039314,0.642412
HIGH,4,10,1.36324,2.86541,4.17603,0.00367062,0.935398,0.009639,3.4848,0.038869,0.642656
HIGH,16,1,5.41172,2.88725,5.07908,0.012072,3.07634,0.020875,2.37356,0.134059,2.55051
HIGH,16,2,5.41251,2.88683,5.05995,0.0121176,3.08798,0.020364,2.3553,0.133578,2.55063
HIGH,16,3,5.41132,2.88746,5.0609,0.0121154,3.0874,0.021162,2.35563,0.133956,2.55007
HIGH,16,4,5.41213,2.88703,5.05957,0.0121185,3.08821,0.020442,2.3548,0.134165,2.55009
HIGH,16,5,5.41144,2.8874,5.05977,0.0121181,3.08809,0.020441,2.3551,0.133999,2.55015
HIGH,16,6,5.41164,2.8873,5.05939,0.012119,3.08832,0.020287,2.35559,0.133415,2.55002
HIGH,16,7,5.41371,2.88619,5.06064,0.012116,3.08755,0.020469,2.35556,0.133858,2.55067
HIGH,16,8,5.40325,2.89178,5.05983,0.0121179,3.08805,0.020369,2.35526,0.134049,2.55008
HIGH,16,9,5.40452,2.8911,5.06081,0.0121156,3.08745,0.020758,2.35568,0.13373,2.55057
HIGH,16,10,5.40271,2.89206,5.05904,0.0121198,3.08853,0.020103,2.35505,0.133826,2.55
HIGH,64,1,21.579,2.89633,12.9322,0.0189649,4.83289,0.064127,2.16592,0.518756,10.1833
HIGH,64,2,21.5877,2.89516,12.9353,0.0189603,4.83172,0.064567,2.16589,0.518948,10.1859
HIGH,64,3,21.5799,2.89621,12.9738,0.0189041,4.81739,0.087414,2.18022,0.521419,10.1847
HIGH,64,4,21.5811,2.89605,12.9519,0.0189361,4.82554,0.067849,2.18129,0.519173,10.1835
HIGH,64,5,21.572,2.89727,12.9451,0.018946,4.82807,0.065135,2.17711,0.519409,10.1834
HIGH,64,6,21.5744,2.89695,12.9451,0.0189461,4.82809,0.064428,2.17791,0.519096,10.1836
HIGH,64,7,21.5759,2.89675,12.9443,0.0189472,4.82837,0.063697,2.17713,0.519328,10.1841
HIGH,64,8,21.576,2.89674,12.9472,0.0189429,4.82729,0.063611,2.18047,0.519357,10.1837
HIGH,64,9,21.5832,2.89577,12.9512,0.0189371,4.8258,0.069384,2.17903,0.519103,10.1836
HIGH,64,10,21.5793,2.89629,12.9491,0.0189401,4.82658,0.065533,2.18011,0.519385,10.184
HIGH,256,1,86.2813,2.8975,45.4574,0.0215814,5.49966,0.282039,2.3934,2.06308,40.7188
HIGH,256,2,86.274,2.89775,45.3936,0.0216117,5.50738,0.297264,2.3146,2.06279,40.7189
HIGH,256,3,86.2742,2.89774,45.3875,0.0216146,5.50812,0.289543,2.31711,2.06229,40.7185
HIGH,256,4,86.2828,2.89745,45.3762,0.02162,5.50949,0.288311,2.30631,2.06285,40.7187
HIGH,256,5,86.3216,2.89615,45.4432,0.0215881,5.50137,0.286901,2.31922,2.11903,40.718
HIGH,256,6,86.2789,2.89758,45.3767,0.0216197,5.50943,0.284922,2.3103,2.06184,40.7196
HIGH,256,7,86.2878,2.89728,45.4033,0.0216071,5.50621,0.303406,2.31607,2.06463,40.7191
HIGH,256,8,86.2767,2.89765,45.3784,0.0216189,5.50923,0.287452,2.30956,2.06221,40.7191
HIGH,256,9,86.2763,2.89767,45.3689,0.0216235,5.51038,0.282985,2.30489,2.06221,40.7187
HIGH,256,10,86.3181,2.89626,45.4026,0.0216074,5.50629,0.302125,2.31779,2.0627,40.7199
HIGH,512,1,172.59,2.89704,89.4991,0.0219227,5.58665,0.469987,3.47637,4.12152,81.4311
HIGH,512,2,172.543,2.89783,89.4856,0.0219261,5.58749,0.472935,3.4623,4.11995,81.4303
HIGH,512,3,172.54,2.89788,89.5303,0.0219151,5.5847,0.471719,3.45395,4.17251,81.4321
HIGH,512,4,172.589,2.89705,89.5035,0.0219217,5.58638,0.4716,3.48062,4.1208,81.4304
HIGH,512,5,172.548,2.89774,89.5176,0.0219182,5.58549,0.471517,3.49477,4.1212,81.4301
HIGH,512,6,172.541,2.89786,89.5628,0.0219071,5.58267,0.466844,3.54297,4.12178,81.4311
HIGH,512,7,172.599,2.89689,89.5175,0.0219182,5.5855,0.470229,3.49536,4.12023,81.4316
HIGH,512,8,172.542,2.89785,89.5593,0.021908,5.58289,0.469634,3.48515,4.1732,81.4313
HIGH,512,9,172.539,2.89789,89.5077,0.0219206,5.58611,0.465092,3.49051,4.12088,81.4311
HIGH,512,10,172.553,2.89766,89.5033,0.0219217,5.58639,0.468301,3.48249,4.12147,81.4309
HIGH,1024,1,345.122,2.89752,177.769,0.0220744,5.62529,0.838533,5.84054,8.2353,162.854
HIGH,1024,2,345.075,2.89792,177.808,0.0220695,5.62406,0.83151,5.78941,8.2854,162.901
HIGH,1024,3,345.066,2.898,177.717,0.0220808,5.62693,0.833439,5.7915,8.23615,162.856
HIGH,1024,4,345.14,2.89737,177.767,0.0220746,5.62534,0.833511,5.84271,8.23639,162.854
HIGH,1024,5,345.121,2.89753,177.753,0.0220764,5.6258,0.828592,5.78255,8.28672,162.855
HIGH,1024,6,345.069,2.89797,177.705,0.0220823,5.62731,0.825907,5.78973,8.23577,162.853
HIGH,1024,7,345.068,2.89798,177.769,0.0220743,5.62526,0.825117,5.85372,8.23736,162.853
HIGH,1024,8,345.117,2.89757,177.736,0.0220784,5.62631,0.826904,5.77529,8.28052,162.853
HIGH,1024,9,345.079,2.89788,177.753,0.0220764,5.62579,0.825797,5.83769,8.23496,162.854
HIGH,1024,10,345.081,2.89787,177.792,0.0220715,5.62455,0.829426,5.87167,8.23673,162.854
MEDIUM,4,1,1.36292,2.86608,110.025,0.00780077,0.0355032,0.226569,109.116,0.039632,0.642619
MEDIUM,4,2,1.36373,2.86439,110.008,0.00780197,0.0355087,0.229854,109.097,0.038378,0.643132
MEDIUM,4,3,1.36237,2.86725,110.025,0.00780078,0.0355033,0.233579,109.111,0.038156,0.642482
MEDIUM,4,4,1.35482,2.88323,110.002,0.0078024,0.0355106,0.231132,109.091,0.03807,0.642248
MEDIUM,4,5,1.36253,2.86691,110.012,0.00780168,0.0355073,0.230969,109.102,0.037831,0.642076
MEDIUM,4,6,1.36143,2.86923,110.011,0.00780176,0.0355077,0.228269,109.101,0.03855,0.64304
MEDIUM,4,7,1.36715,2.85722,110.034,0.00780017,0.0355005,0.232785,109.115,0.037746,0.647811
MEDIUM,4,8,1.36186,2.86832,110.007,0.00780209,0.0355092,0.23092,109.095,0.038026,0.642259
MEDIUM,4,9,1.35442,2.88407,110.02,0.00780117,0.035505,0.230913,109.108,0.038055,0.642287
MEDIUM,4,10,1.36308,2.86575,110.029,0.00780049,0.035502,0.232291,109.113,0.041532,0.642513
MEDIUM,16,1,5.4057,2.89047,114.948,0.029869,0.135931,0.724671,111.538,0.134826,2.55111
MEDIUM,16,2,5.40643,2.89008,114.957,0.0298667,0.13592,0.720242,111.54,0.144755,2.55161
MEDIUM,16,3,5.40161,2.89266,114.927,0.0298745,0.135956,0.716725,111.524,0.134502,2.55149
MEDIUM,16,4,5.4072,2.88967,114.937,0.0298719,0.135944,0.718751,111.532,0.134728,2.55126
MEDIUM,16,5,5.40255,2.89215,114.947,0.0298692,0.135932,0.728574,111.532,0.134931,2.55166
MEDIUM,16,6,5.40534,2.89066,114.967,0.0298642,0.135909,0.72518,111.554,0.135596,2.55131
MEDIUM,16,7,5.40356,2.89161,114.973,0.0298626,0.135902,0.7298,111.554,0.13597,2.55269
MEDIUM,16,8,5.40157,2.89268,114.931,0.0298734,0.135951,0.726251,111.519,0.13481,2.55152
MEDIUM,16,9,5.40172,2.8926,114.961,0.0298656,0.135916,0.723884,111.551,0.134945,2.55123
MEDIUM,16,10,5.40901,2.8887,114.961,0.0298657,0.135916,0.725928,111.549,0.134552,2.55155
MEDIUM,64,1,21.5769,2.89661,124.88,0.10996,0.500482,2.54604,111.625,0.521105,10.1874
MEDIUM,64,2,21.578,2.89646,124.889,0.109952,0.500443,2.55297,111.629,0.520816,10.1865
MEDIUM,64,3,21.5781,2.89646,124.899,0.109944,0.500406,2.54103,111.65,0.521528,10.1856
MEDIUM,64,4,21.5809,2.89609,124.878,0.109962,0.500488,2.54081,111.631,0.521042,10.1848
MEDIUM,64,5,21.58,2.8962,124.893,0.109949,0.500429,2.54487,111.642,0.520093,10.1852
MEDIUM,64,6,21.5779,2.89649,124.897,0.109945,0.500412,2.54833,111.641,0.521275,10.1864
MEDIUM,64,7,21.5719,2.89729,124.892,0.10995,0.500434,2.54478,111.639,0.521454,10.186
MEDIUM,64,8,21.5778,2.8965,124.878,0.109961,0.500487,2.53569,111.636,0.520982,10.1856
MEDIUM,64,9,21.5877,2.89517,124.858,0.109979,0.500568,2.54017,111.609,0.521921,10.1871
MEDIUM,64,10,21.5734,2.89708,124.855,0.109982,0.500582,2.54076,111.602,0.522915,10.1893
MEDIUM,256,1,86.277,2.89764,166.454,0.32999,1.50192,9.79226,113.824,2.11623,40.7213
MEDIUM,256,2,86.2741,2.89774,166.456,0.329987,1.5019,9.80193,113.821,2.11191,40.7202
MEDIUM,256,3,86.2747,2.89772,166.449,0.33,1.50196,9.79781,113.82,2.11086,40.7206
MEDIUM,256,4,86.3188,2.89624,166.407,0.330083,1.50234,9.79357,113.802,2.09061,40.7211
MEDIUM,256,5,86.2772,2.89764,166.38,0.330137,1.50258,9.80246,113.787,2.0666,40.7234
MEDIUM,256,6,86.2774,2.89763,166.37,0.330156,1.50267,9.80033,113.783,2.06555,40.7216
MEDIUM,256,7,86.2863,2.89733,166.38,0.330137,1.50259,9.79873,113.792,2.06594,40.7227
MEDIUM,256,8,86.2732,2.89777,166.348,0.330201,1.50288,9.79251,113.761,2.06566,40.7289
MEDIUM,256,9,86.3031,2.89677,166.39,0.330118,1.5025,9.80024,113.804,2.06439,40.7209
MEDIUM,256,10,86.2864,2.89733,166.404,0.330089,1.50237,9.78626,113.832,2.06482,40.7208
MEDIUM,512,1,172.543,2.89783,224.555,0.489212,2.22663,19.4439,119.555,4.12343,81.4326
MEDIUM,512,2,172.544,2.89781,224.62,0.48907,2.22598,19.4586,119.604,4.1235,81.4338
MEDIUM,512,3,172.608,2.89674,224.724,0.488844,2.22495,19.4614,119.703,4.12566,81.4343
MEDIUM,512,4,172.547,2.89776,224.698,0.488901,2.22521,19.4494,119.69,4.125,81.4336
MEDIUM,512,5,172.548,2.89774,224.76,0.488766,2.2246,19.4614,119.741,4.12464,81.4331
MEDIUM,512,6,172.587,2.89709,224.839,0.488594,2.22381,19.4475,119.835,4.12374,81.4325
MEDIUM,512,7,172.542,2.89785,224.704,0.488887,2.22515,19.4499,119.697,4.12416,81.4331
MEDIUM,512,8,172.539,2.89789,224.811,0.488655,2.22409,19.4547,119.798,4.12521,81.4331
MEDIUM,512,9,172.589,2.89706,224.817,0.488641,2.22403,19.453,119.808,4.12391,81.4324
MEDIUM,512,10,172.541,2.89787,224.683,0.488934,2.22536,19.4397,119.689,4.12216,81.4322
MEDIUM,1024,1,345.083,2.89785,344.31,0.638107,2.90436,38.7832,134.358,8.31195,162.857
MEDIUM,1024,2,345.122,2.89752,344.641,0.637495,2.90157,38.7976,134.719,8.2667,162.857
MEDIUM,1024,3,345.136,2.89741,344.592,0.637586,2.90198,38.7684,134.653,8.31382,162.856
MEDIUM,1024,4,345.078,2.8979,344.712,0.637364,2.90098,38.7683,134.775,8.30935,162.859
MEDIUM,1024,5,345.084,2.89785,344.877,0.637059,2.89958,38.7721,134.983,8.26542,162.856
MEDIUM,1024,6,345.126,2.89749,345.192,0.636477,2.89694,38.7685,135.258,8.3102,162.855
MEDIUM,1024,7,345.092,2.89778,344.521,0.637718,2.90258,38.7742,134.577,8.31171,162.857
MEDIUM,1024,8,345.084,2.89785,344.846,0.637115,2.89984,38.7665,134.959,8.26446,162.856
MEDIUM,1024,9,345.128,2.89748,344.916,0.636986,2.89925,38.7415,135.054,8.26452,162.856
MEDIUM,1024,10,345.133,2.89743,345.351,0.636183,2.8956,38.7383,135.44,8.31626,162.857
RANDOM,4,1,1.36266,2.86664,44.8745,0.0873897,0.0870483,0.790672,43.4039,0.037528,0.642282
RANDOM,4,2,1.36182,2.8684,44.8897,0.0873601,0.0870188,0.796167,43.4134,0.037781,0.642255
RANDOM,4,3,1.36248,2.86701,44.8682,0.087402,0.0870605,0.790451,43.3979,0.037476,0.642273
RANDOM,4,4,1.35412,2.88472,44.874,0.0873907,0.0870493,0.791102,43.4024,0.037407,0.642999
RANDOM,4,5,1.36229,2.86741,44.8899,0.0873598,0.0870185,0.79683,43.4134,0.037228,0.642389
RANDOM,4,6,1.36164,2.86878,44.8667,0.0874049,0.0870635,0.789735,43.3968,0.037865,0.642251
RANDOM,4,7,1.35427,2.8844,44.8703,0.0873979,0.0870565,0.787632,43.4028,0.037278,0.642484
RANDOM,4,8,1.36226,2.86747,44.8751,0.0873885,0.0870471,0.787914,43.4055,0.038245,0.643421
RANDOM,4,9,1.35438,2.88416,44.8881,0.0873633,0.087022,0.786406,43.4153,0.037723,0.648556
RANDOM,4,10,1.36214,2.86773,44.8809,0.0873774,0.087036,0.791233,43.4098,0.037461,0.642334
RANDOM,16,1,5.40581,2.89041,49.0962,0.319501,0.318253,2.88172,43.5264,0.135848,2.55211
RANDOM,16,2,5.40234,2.89226,49.126,0.319307,0.31806,2.90752,43.5319,0.134575,2.55191
RANDOM,16,3,5.40887,2.88877,49.1026,0.319459,0.318211,2.88459,43.5318,0.133996,2.55211
RANDOM,16,4,5.40486,2.89092,49.099,0.319482,0.318234,2.8859,43.5274,0.134867,2.55081
RANDOM,16,5,5.40704,2.88975,49.0901,0.319541,0.318292,2.88245,43.5232,0.133824,2.55058
RANDOM,16,6,5.40367,2.89155,49.0975,0.319493,0.318245,2.88273,43.5292,0.134102,2.55134
RANDOM,16,7,5.40098,2.893,49.0912,0.319533,0.318285,2.87841,43.5266,0.135254,2.55086
RANDOM,16,8,5.40345,2.89167,49.0914,0.319532,0.318284,2.87828,43.5283,0.134161,2.55051
RANDOM,16,9,5.40249,2.89219,49.0884,0.319552,0.318303,2.8769,43.5267,0.134041,2.55062
RANDOM,16,10,5.40401,2.89137,49.0904,0.319538,0.31829,2.87694,43.528,0.134588,2.55084
RANDOM,64,1,21.5798,2.89623,65.7426,0.954405,0.950677,11.169,43.8647,0.521525,10.1873
RANDOM,64,2,21.5793,2.89629,65.7658,0.954069,0.950342,11.1839,43.8731,0.521866,10.1868
RANDOM,64,3,21.5764,2.89668,65.7468,0.954344,0.950616,11.1701,43.8682,0.522325,10.1862
RANDOM,64,4,21.5801,2.89619,65.746,0.954357,0.950629,11.1712,43.866,0.521926,10.1867
RANDOM,64,5,21.5806,2.89612,65.7395,0.95445,0.950722,11.1659,43.8634,0.522714,10.1875
RANDOM,64,6,21.5796,2.89626,65.7468,0.954344,0.950616,11.1762,43.8617,0.521144,10.1877
RANDOM,64,7,21.5751,2.89685,65.7384,0.954467,0.950738,11.1678,43.8634,0.521184,10.1859
RANDOM,64,8,21.5788,2.89637,65.7874,0.953755,0.950029,11.1672,43.8776,0.556414,10.1862
RANDOM,64,9,21.5788,2.89637,65.7425,0.954407,0.950679,11.1675,43.866,0.522064,10.1869
RANDOM,64,10,21.5771,2.8966,65.74,0.954444,0.950715,11.1681,43.8636,0.521897,10.1863
RANDOM,256,1,86.3353,2.89569,131.707,1.9056,1.89816,44.2665,44.6554,2.06489,40.7199
RANDOM,256,2,86.2803,2.89753,131.708,1.90558,1.89813,44.2693,44.6524,2.06565,40.7209
RANDOM,256,3,86.2834,2.89743,131.717,1.90545,1.898,44.2795,44.6522,2.06474,40.7209
RANDOM,256,4,86.2791,2.89757,131.773,1.90464,1.8972,44.2805,44.643,2.12919,40.7205
RANDOM,256,5,86.2773,2.89763,131.71,1.90555,1.89811,44.2566,44.6506,2.08197,40.7209
RANDOM,256,6,86.2743,2.89774,131.694,1.90578,1.89834,44.2591,44.6495,2.06517,40.7204
RANDOM,256,7,86.2717,2.89782,131.726,1.90532,1.89787,44.3011,44.6394,2.06541,40.7203
RANDOM,256,8,86.279,2.89758,131.714,1.90549,1.89805,44.2818,44.6477,2.06426,40.7201
RANDOM,256,9,86.2729,2.89778,131.734,1.90521,1.89777,44.2738,44.671,2.06608,40.7228
RANDOM,256,10,86.2787,2.89759,131.706,1.90561,1.89816,44.2683,44.6507,2.06491,40.7223
RANDOM,512,1,172.54,2.89788,220.276,2.27878,2.26988,88.4041,46.3143,4.12484,81.4324
RANDOM,512,2,172.612,2.89667,220.263,2.27891,2.27001,88.3898,46.3157,4.12361,81.4339
RANDOM,512,3,172.538,2.89791,220.333,2.27819,2.26929,88.4123,46.3107,4.17284,81.4372
RANDOM,512,4,172.542,2.89784,220.264,2.27891,2.27001,88.3881,46.3183,4.12475,81.4324
RANDOM,512,5,172.537,2.89793,220.266,2.27888,2.26998,88.3834,46.3251,4.12472,81.4331
RANDOM,512,6,172.537,2.89793,220.305,2.27848,2.26958,88.4296,46.3208,4.12216,81.4327
RANDOM,512,7,172.583,2.89716,220.288,2.27866,2.26976,88.396,46.2906,4.1693,81.4316
RANDOM,512,8,172.547,2.89776,220.313,2.27839,2.26949,88.4027,46.3052,4.17291,81.4325
RANDOM,512,9,172.548,2.89774,220.237,2.27918,2.27028,88.3717,46.3109,4.12301,81.4317
RANDOM,512,10,172.583,2.89715,220.284,2.2787,2.2698,88.4271,46.3001,4.12417,81.4327
RANDOM,1024,1,345.133,2.89743,396.435,2.53238,2.52248,176.616,48.7069,8.25394,162.858
RANDOM,1024,2,345.08,2.89788,396.278,2.53338,2.52348,176.579,48.592,8.24912,162.857
RANDOM,1024,3,345.078,2.8979,396.335,2.53301,2.52312,176.582,48.5986,8.29807,162.857
RANDOM,1024,4,345.118,2.89756,396.216,2.53378,2.52388,176.584,48.4779,8.29605,162.858
RANDOM,1024,5,345.074,2.89793,396.324,2.53309,2.52319,176.618,48.6003,8.2478,162.857
RANDOM,1024,6,345.09,2.89779,396.397,2.53262,2.52273,176.605,48.6875,8.24657,162.857
RANDOM,1024,7,345.118,2.89756,396.38,2.53273,2.52283,176.57,48.7028,8.24886,162.858
RANDOM,1024,8,345.114,2.8976,396.344,2.53296,2.52306,176.597,48.5778,8.31299,162.856
RANDOM,1024,9,345.076,2.89791,396.278,2.53338,2.52348,176.582,48.4984,8.29244,162.905
RANDOM,1024,10,345.119,2.89755,396.133,2.5343,2.5244,176.58,48.4471,8.24781,162.858
